id,title,status,priority,assigned_to,due_date,timestamp
1759782249,fe,archived,,,11-Oct,"2025-10-06 22:24"
1759782399,s,archived,,,,"2025-10-06 22:26"
1759782400,s,archived,,,,"2025-10-06 22:26"
1759782403,s,archived,,,,"2025-10-06 22:26"
1759782403,s,archived,,,,"2025-10-06 22:26"
1759782408,fda,archived,,,,"2025-10-06 22:26"
1759782992,"this is a new task",archived,,,,"2025-10-06 22:36"
task_68e42c8d3d7ca2.17937790,"new task",archived,,,,"2025-10-06 22:54"
task_68e42ccbabb064.53000127,"Suck Balls",archived,,,,"2025-10-06 22:55"
task_68e42db67f7749.77888675,upload,archived,,,,"2025-10-06 22:59"
task_68e42e8c1560c2.68857557,"new tasks to show up",archived,,,,"2025-10-06 23:03"
task_68e4301d1f06e3.95745461,"list of task",archived,,,,"2025-10-06 23:09"
task_68e93b1bdf6811.09401242,"try new one",archived,,,,"2025-10-10 18:58"
task_68e93b5c62fa02.79928367,"try new one",archived,,,,"2025-10-10 18:59"
task_68e93dc65cb6d6.73110098,"This is a task I created",archived,,,,"2025-10-10 19:09"
task_68e93f6cf17246.53492705,"calender.php needs to be updated",incomplete,,,11-Oct,"2025-10-10 19:16"
task_68e9bbde05a339.17640252,Calender,incomplete,,,,"2025-10-11 04:07:26"
task_69050a1e8c9240.33505733,"tank delivery Number and date",archived,,,,"2025-10-31 20:12:30"
task_69050a263ed926.86457389,"tank delivery Number and date",archived,,,,"2025-10-31 20:12:38"
